Price,Adj Close,Close,Close,Close,High,High,High,Low,Low,Low,Open,Open,Open,Volume,Volume,Volume
Ticker,META,META,MSFT,TSLA,META,MSFT,TSLA,META,MSFT,TSLA,META,MSFT,TSLA,META,MSFT,TSLA
Date,,,,,,,,,,,,,,,,
2023-10-02,,,317.0224609375,251.60000610351562,,317.1111512307064,254.27999877929688,,310.50074800072014,242.6199951171875,,311.5844231256774,244.80999755859375,,20570000,123810400
2023-10-03,,,308.7373962402344,246.52999877929688,,316.61862746801495,250.02000427246094,,306.58973788163564,244.4499969482422,,316.06691362272,248.61000061035156,,21033500,101985300
2023-10-04,,,314.2246398925781,261.1600036621094,,315.2886228065035,261.8599853515625,,309.3382855829603,247.60000610351562,,309.36783899365224,248.13999938964844,,20720100,129721600
2023-10-05,,,314.61871337890625,260.04998779296875,,315.2295340089772,263.6000061035156,,310.2249357059366,256.25,,314.3527326674706,260.0,,16965600,119159200
2023-10-06,,,322.4014587402344,260.5299987792969,,324.3027984562463,261.6499938964844,,311.6041508921413,250.64999389648438,,311.8504393547701,253.97999572753906,,25673600,118121800
2023-10-09,,,324.92340087890625,259.6700134277344,,325.3962554141024,261.3599853515625,,318.3819658733118,252.0500030517578,,319.92866439936114,255.30999755859375,,19891200,101377900
2023-10-10,,,323.5146484375,263.6199951171875,,326.18440663278744,268.94000244140625,,322.8053365479783,257.6499938964844,,326.0464706793637,257.75,,20557100,122656000
2023-10-11,,,327.48486328125,262.989990234375,,327.87891881705485,268.6000061035156,,324.25355978443383,260.8999938964844,,326.29280544996425,266.20001220703125,,20063200,103706300
2023-10-12,,,326.2435607910156,258.8699951171875,,328.67689206438564,265.4100036621094,,323.83978293130957,256.6300048828125,,325.66232361261683,262.9200134277344,,19313100,111508100
2023-10-13,,,322.864501953125,251.1199951171875,,328.8739167563427,259.6000061035156,,321.51481584137593,250.22000122070312,,327.4454616246399,258.8999938964844,,21072400,102073800
2023-10-16,,,327.7016296386719,253.9199981689453,,331.14966851922435,255.39999389648438,,325.6919071302291,248.47999572753906,,326.13520837616363,250.0500030517578,,22158000,88917200
2023-10-17,,,327.1301574707031,254.85000610351562,,328.50936673162636,257.17999267578125,,322.5491984669727,247.0800018310547,,324.6968264635894,250.10000610351562,,18338500,93562900
2023-10-18,,,325.2091064453125,242.67999267578125,,330.60776009184275,254.6300048828125,,323.4259804727019,242.0800018310547,,327.553777299333,252.6999969482422,,23153600,125147800
2023-10-19,,,326.4011535644531,220.11000061035156,,331.87860610828534,230.61000061035156,,325.99723691191247,216.77999877929688,,327.2188179633477,225.9499969482422,,25052100,170772700
2023-10-20,,,321.8201904296875,211.99000549316406,,326.9922476443287,218.86000061035156,,320.6183016458001,210.4199981689453,,326.7952048674921,217.00999450683594,,25027700,138010100
2023-10-23,,,324.430908203125,212.0800018310547,,327.7902868028739,216.97999572753906,,319.57410641256814,202.50999450683594,,320.63805945731093,210.0,,24374700,150683400
2023-10-24,,,325.6228942871094,216.52000427246094,,326.91344339948563,222.0500030517578,,322.73640078016155,214.11000061035156,,326.38145191312543,216.5,,31153600,118231100
2023-10-25,,,335.6123352050781,212.4199981689453,,341.06023414202036,220.10000610351562,,332.60759828291276,212.1999969482422,,339.8977298889024,215.8800048828125,,55053800,107065100
2023-10-26,,,323.0220947265625,205.75999450683594,,336.5580983520132,214.8000030517578,,322.086186588402,204.8800048828125,,335.48428431504954,211.32000732421875,,37828500,115112600
2023-10-27,,,324.9136047363281,207.3000030517578,,331.7210217801317,212.41000366210938,,323.5245341322268,205.77000427246094,,325.52439534284554,210.60000610351562,,29856500,94881200
2023-10-30,,,332.3022155761719,197.36000061035156,,334.41045907381,210.8800048828125,,326.9035620962308,194.6699981689453,,328.46012188812404,209.27999877929688,,22828100,136448200
2023-10-31,,,333.0903625488281,200.83999633789062,,333.9671639293421,202.8000030517578,,329.7211531293836,194.07000732421875,,333.8193968608595,196.1199951171875,,20265300,118068300
2023-11-01,,,340.93218994140625,205.66000366210938,,342.2621536122384,205.99000549316406,,334.6074891841975,197.85000610351562,,334.74542515005817,204.0399932861328,,28158800,121661700
2023-11-02,,,343.1487731933594,218.50999450683594,,343.6511811792391,219.1999969482422,,339.65145922211735,211.4499969482422,,342.0847902707167,212.97000122070312,,24348100,125987600
2023-11-03,,,347.5622863769531,219.9600067138672,,349.1287075459124,226.3699951171875,,342.1734933028786,218.39999389648438,,344.4393653277712,221.14999389648438,,23637700,119534800
2023-11-06,,,351.23687744140625,219.27000427246094,,352.2318923839863,226.32000732421875,,348.10409562346064,215.0,,348.2026170147718,223.97999572753906,,23828300,117335800
2023-11-07,,,355.177490234375,222.17999267578125,,357.07882980965496,223.1199951171875,,352.3205502922459,215.72000122070312,,354.0642616553695,219.97999572753906,,25833900,116900100
2023-11-08,,,357.8078918457031,222.11000061035156,,358.46792809184456,224.14999389648438,,355.1972100806517,217.63999938964844,,356.31043874613977,223.14999389648438,,26767800,106584800
2023-11-09,,,355.33514404296875,209.97999572753906,,359.3742808349746,220.8000030517578,,355.01002643681795,206.67999267578125,,356.9212273081889,219.75,,24847300,142110500
2023-11-10,,,364.1817626953125,214.64999389648438,,364.60537154894945,215.3800048828125,,355.70943530005565,205.69000244140625,,356.1231829965604,210.02999877929688,,28042100,130994000
2023-11-13,,,361.2361755371094,223.7100067138672,,362.9996091955093,225.39999389648438,,360.4677568025591,211.61000061035156,,362.7533207541214,215.60000610351562,,19986500,140447600
2023-11-14,,,364.77288818359375,237.41000366210938,,366.42796942333877,238.13999938964844,,361.8962559120404,230.72000122070312,,365.5019224424188,235.02999877929688,,27683900,149771600
2023-11-15,,,364.9209289550781,242.83999633789062,,368.33647051944837,246.6999969482422,,362.3937891012248,236.4499969482422,,366.5102311130988,239.2899932861328,,26860100,150354000
2023-11-16,,,371.33746337890625,233.58999633789062,,371.5151437395558,240.8800048828125,,365.4243947338304,230.9600067138672,,366.19437308883926,239.49000549316406,,27182300,136816800
2023-11-17,,,365.09869384765625,234.3000030517578,,369.5606164050821,237.38999938964844,,362.28530061072286,226.5399932861328,,368.8103701750915,232.0,,40157000,142532800
2023-11-20,,,372.5911560058594,235.60000610351562,,374.0027780403626,237.10000610351562,,366.2338861383217,231.02000427246094,,366.45106107636286,234.0399932861328,,52465100,116320100
2023-11-21,,,368.27728271484375,241.1999969482422,,371.3868095328424,243.6199951171875,,366.3523217617588,233.33999633789062,,370.84388727711456,235.0399932861328,,28423100,122288000
2023-11-22,,,372.9958801269531,234.2100067138672,,374.9109599374389,244.00999450683594,,370.1528738051793,231.39999389648438,,373.14394709672723,242.0399932861328,,23345300,117950600
2023-11-24,,,372.58123779296875,235.4499969482422,,373.11430897435366,238.75,,370.3206785780063,232.3300018310547,,372.48251644448624,233.75,,10176600,65125200
2023-11-27,,,373.7461242675781,236.0800018310547,,375.75007453622237,238.3300018310547,,371.36711114799243,232.10000610351562,,371.93964684936924,236.88999938964844,,22179200,112031800
2023-11-28,,,377.7835693359375,246.72000122070312,,378.07970326739826,247.0,,373.30188504482646,234.00999450683594,,373.489446576594,236.67999267578125,,20453100,148549900
2023-11-29,,,373.9830627441406,244.13999938964844,,379.36303057120796,252.75,,372.5911728680929,242.75999450683594,,378.8299894382341,249.2100067138672,,28963400,135401300
2023-11-30,,,374.0422668457031,240.0800018310547,,375.2071005292818,245.22000122070312,,370.64645702621425,236.91000366210938,,373.6276491974568,245.13999938964844,,30554400,132353200
2023-12-01,,,369.69879150390625,238.8300018310547,,373.3018950187399,240.19000244140625,,366.5398888981319,231.89999389648438,,371.91988642578656,233.13999938964844,,33040500,121331700
2023-12-04,,,364.39776611328125,235.5800018310547,,364.7728590438149,239.3699951171875,,358.2379093318976,233.2899932861328,,364.3582715480311,235.75,,32063300,104099800
2023-12-05,,,367.73431396484375,238.72000122070312,,368.287117368969,246.66000366210938,,360.9229626368156,233.6999969482422,,361.7423166959654,233.8699951171875,,23065000,137971100
2023-12-06,,,364.0621337890625,239.3699951171875,,369.37302349150957,246.57000732421875,,363.30203657488124,239.1699981689453,,368.74126102951465,242.9199981689453,,21182100,126436200
2023-12-07,,,366.1845703125,242.63999938964844,,366.678147018609,244.0800018310547,,361.6140451938454,236.97999572753906,,363.4995118262456,241.5500030517578,,23118900,107142300
2023-12-08,,,369.42236328125,243.83999633789062,,369.64938924330534,245.27000427246094,,363.4994439145067,239.27000427246094,,364.45698375048454,240.27000427246094,,20154400,103126800
2023-12-11,,,366.5299987792969,239.74000549316406,,366.8261628369694,243.44000244140625,,361.39681982710596,237.4499969482422,,363.7462494405494,242.74000549316406,,27708800,97913900
2023-12-12,,,369.5704345703125,237.00999450683594,,369.60992913503406,238.99000549316406,,365.70078061680414,233.8699951171875,,366.08578484040567,238.5500030517578,,24838300,95328300
2023-12-13,,,369.56060791015625,239.2899932861328,,372.78861875933916,240.3000030517578,,366.00684969916756,228.1999969482422,,371.18940497024636,234.19000244140625,,30955500,146286300
2023-12-14,,,361.22900390625,251.0500030517578,,368.9584312025777,253.8800048828125,,359.45213999645404,240.7899932861328,,368.51420016236455,241.22000122070312,,43277500,160829200
2023-12-15,,,365.9674072265625,253.5,,367.6159366081374,254.1300048828125,,361.5745623495023,248.3000030517578,,362.1372470428442,251.2100067138672,,78502300,135932800
2023-12-18,,,367.8627014160156,252.0800018310547,,368.2082111244825,258.739990234375,,363.9437012883022,251.36000061035156,,364.70382867203534,253.77999877929688,,21802900,116416500
2023-12-19,,,368.46484375,257.2200012207031,,368.46484375,258.3399963378906,,365.0887662696819,253.00999450683594,,366.7175631601881,253.47999572753906,,20603700,106737400
2023-12-20,,,365.8587646484375,247.13999938964844,,371.19926781243174,259.8399963378906,,365.7699244632415,247.0,,370.18250108115,256.4100036621094,,26316700,125097000
2023-12-21,,,368.7412414550781,254.5,,369.6000599811611,254.8000030517578,,365.28620500497976,248.5500030517578,,367.77382040386084,251.89999389648438,,17708000,109594200
2023-12-22,,,369.76788330078125,252.5399932861328,,370.3601813274184,258.2200012207031,,367.9219113827599,251.3699951171875,,368.87945132359005,256.760009765625,,17107500,93370100
2023-12-26,,,369.8468933105469,256.6099853515625,,372.0976018383653,257.9700012207031,,368.70179176123145,252.91000366210938,,370.1825218486259,254.49000549316406,,12673100,86892400
2023-12-27,,,369.26446533203125,261.44000244140625,,370.241737520185,263.3399963378906,,368.0206424558139,257.5199890136719,,368.8893422344082,258.3500061035156,,14905400,106494400
2023-12-28,,,370.4588928222656,253.17999267578125,,371.62372649746874,265.1300048828125,,369.3532859355964,252.7100067138672,,370.5477330050664,263.6600036621094,,14327000,113619900
2023-12-29,,,371.2091369628906,248.47999572753906,,372.3147438435589,255.19000244140625,,368.6820269140694,247.42999267578125,,371.169642395573,255.10000610351562,,18730800,100891600
2024-01-02,,,366.1054992675781,248.4199981689453,,371.07087861520614,251.25,,362.058165157809,244.41000366210938,,369.057077669641,250.0800018310547,,25258600,104654200
2024-01-03,,,365.83905029296875,238.4499969482422,,368.4648819106026,245.67999267578125,,363.7759033345844,236.32000732421875,,364.2694800267969,244.97999572753906,,23083500,121082600
2024-01-04,,,363.2131652832031,237.92999267578125,,368.30687961312606,242.6999969482422,,362.4530681341208,237.72999572753906,,365.9081044717195,239.25,,20901500,102629300
2024-01-05,,,363.0256042480469,237.49000549316406,,367.28023230519466,240.1199951171875,,361.79166269723777,234.89999389648438,,364.2299324066576,236.86000061035156,,21004600,92488900
2024-01-08,,,369.8764953613281,240.4499969482422,,370.3799532157685,241.25,,364.2694714991835,235.3000030517578,,364.5557242835835,236.13999938964844,,23134000,85166600
2024-01-09,,,370.9623107910156,234.9600067138672,,371.1597233564073,238.9600067138672,,366.42140002965635,232.0399932861328,,367.23087288667983,238.11000061035156,,20830000,96705700
2024-01-10,,,377.8526306152344,233.94000244140625,,379.23466923624073,235.5,,371.48551036356565,231.2899932861328,,371.5348559748048,235.10000610351562,,25514200,91628500
2024-01-11,,,379.68878173828125,227.22000122070312,,385.66104720244766,230.92999267578125,,375.49338017859446,225.3699951171875,,381.04117695037814,230.57000732421875,,27850800,105873600
2024-01-12,,,383.4794921875,218.88999938964844,,383.6867859715864,225.33999633789062,,379.7085588741406,217.14999389648438,,380.53776413601776,220.0800018310547,,21661200,123043800
2024-01-16,,,385.2563171386719,219.91000366210938,,388.9680232792621,223.49000549316406,,382.64036685364044,212.17999267578125,,388.6027813692521,215.10000610351562,,27202300,115355000
2024-01-17,,,384.46661376953125,215.5500030517578,,385.09837624388496,215.6699981689453,,379.86647557529443,212.00999450683594,,382.99576492837696,214.86000061035156,,22234100,103164400
2024-01-18,,,388.8100280761719,211.8800048828125,,388.9284816407009,217.4499969482422,,385.1082035570134,208.74000549316406,,386.6876547102927,216.8800048828125,,23392100,108595400
2024-01-19,,,393.54840087890625,212.19000244140625,,393.54840087890625,213.19000244140625,,388.4448053024204,207.55999755859375,,390.67578129578703,209.99000549316406,,29331100,102260300
2024-01-22,,,391.41619873046875,208.8000030517578,,395.4733846867512,217.8000030517578,,388.53369758806053,206.27000427246094,,394.8810866300338,212.25999450683594,,27016900,117952500
2024-01-23,,,393.77545166015625,209.13999938964844,,394.24929609694567,215.64999389648438,,388.8692984754516,207.75,,390.6659247403921,211.3000030517578,,20525900,106605900
2024-01-24,,,397.3884582519531,207.8300018310547,,400.4190263282457,212.72999572753906,,395.3055791013252,206.77000427246094,,396.38157265965583,211.8800048828125,,24867000,123369900
2024-01-25,,,399.6687316894531,182.6300048828125,,401.78125410566804,193.0,,397.35879669846423,180.05999755859375,,399.12580945191644,189.6999969482422,,21021200,198076800
2024-01-26,,,398.7408752441406,183.25,,400.9521193988072,186.77999877929688,,397.26014510844533,182.10000610351562,,399.1752251606538,185.5,,17803300,107343200
2024-01-29,,,404.4564514160156,190.92999267578125,,404.71312091427023,191.47999572753906,,399.13568066698633,183.6699981689453,,400.8434667217464,185.6300048828125,,24510200,125013100
2024-01-30,,,403.3409729003906,191.58999633789062,,407.7436682887795,196.36000061035156,,401.22848045302675,190.61000061035156,,406.96383885346637,195.3300018310547,,33477600,109982300
2024-01-31,,,392.4724426269531,187.2899932861328,,409.98456474557076,193.97000122070312,,392.10720068242125,185.85000610351562,,401.731946506787,187.0,,47871100,103221400
2024-02-01,,,398.5927734375,188.86000061035156,,402.75856172705096,189.8800048828125,,396.63819898392825,184.27999877929688,,396.6678123790341,188.5,,30657700,91843300
2024-02-02,,,405.9371643066406,187.91000366210938,,407.34878623666043,188.69000244140625,,398.3755667288363,182.0,,398.62235504354715,185.0399932861328,,28256700,110612700
2024-02-05,,,400.438720703125,181.05999755859375,,405.87794489838444,184.67999267578125,,398.800042648597,175.00999450683594,,404.63412212946537,184.25999450683594,,25352300,134294400
2024-02-06,,,400.2807922363281,185.10000610351562,,402.72894332826615,186.49000549316406,,397.7339499122829,177.11000061035156,,400.6657964934495,177.2100067138672,,18382600,122676000
2024-02-07,,,408.7308044433594,187.5800018310547,,408.97759276390855,189.7899932861328,,402.16624114185635,182.67999267578125,,402.2057357082919,188.17999267578125,,22340500,111535200
2024-02-08,,,408.7900695800781,189.55999755859375,,410.22145402375685,191.6199951171875,,407.23038050312016,185.5800018310547,,408.73084278763224,189.0,,21225300,83034000
2024-02-09,,,415.1473388671875,193.57000732421875,,415.41388955817405,194.1199951171875,,409.75748988702503,189.47999572753906,,409.9154380417315,190.17999267578125,,22032800,84476300
2024-02-12,,,409.92523193359375,188.1300048828125,,415.33481198420293,194.72999572753906,,409.4217741805098,187.27999877929688,,415.15713164506406,192.11000061035156,,21202900,95498600
2024-02-13,,,401.10015869140625,184.02000427246094,,404.80198377503444,187.25999450683594,,398.2078065895252,182.11000061035156,,399.73788224054636,183.99000549316406,,27824900,86759500
2024-02-14,,,404.9769287109375,188.7100067138672,,405.32307733535373,188.88999938964844,,400.111169801605,183.35000610351562,,403.5725956832902,185.3000030517578,,20401200,81203000
2024-02-15,,,402.0792236328125,200.4499969482422,,404.6209064246705,200.8800048828125,,399.8342525934749,188.86000061035156,,403.6418270582009,189.16000366210938,,21825500,120831800
2024-02-16,,,399.60675048828125,199.9499969482422,,403.79014145741866,203.1699981689453,,398.9935884935407,197.39999389648438,,403.4637615690979,202.05999755859375,,22296500,111346700
2024-02-20,,,398.3507995605469,193.75999450683594,,400.0320454973026,198.60000610351562,,393.62348186339256,189.1300048828125,,398.7958219344355,196.1300048828125,,24307900,104545800
2024-02-21,,,397.7474670410156,194.77000427246094,,397.85627039792524,199.44000244140625,,392.8421408842448,191.9499969482422,,395.75964027371015,193.36000061035156,,18518900,103500300
2024-02-22,,,407.11309814453125,197.41000366210938,,408.28008583103167,198.32000732421875,,404.0670568612319,191.36000061035156,,405.66919761409457,194.0,,27009900,92739500
2024-02-23,,,405.81756591796875,191.97000122070312,,411.27671814639945,197.57000732421875,,404.46266976176094,191.5,,411.0888399370884,195.30999755859375,,16295900,78841900
2024-02-26,,,403.0484619140625,199.39999389648438,,407.61753951869144,201.77999877929688,,402.87042277760713,192.0,,406.9252422289791,192.2899932861328,,16193500,111747100
2024-02-27,,,402.9891052246094,199.72999572753906,,403.8198438215264,205.60000610351562,,399.39910723637763,198.25999450683594,,403.4934639055569,204.0399932861328,,14835800,108645400
2024-02-28,,,403.2264099121094,202.0399932861328,,404.7889830292892,205.3000030517578,,400.85286699100425,198.44000244140625,,403.6813316781892,200.4199981689453,,13183100,99806200
2024-02-29,,,409.0812072753906,201.8800048828125,,409.63503299154024,205.27999877929688,,401.44628969562774,198.4499969482422,,404.1363132517421,204.17999267578125,,31947300,85907000
2024-03-01,,,410.92071533203125,202.63999938964844,,411.28663268034427,204.52000427246094,,406.35163783892614,198.5,,406.7373238991448,200.52000427246094,,17823400,82243100
2024-03-04,,,410.3471374511719,188.13999938964844,,412.7503489287205,199.75,,407.77578628129385,186.72000122070312,,408.8834378175513,198.72999572753906,,17596000,134334900
2024-03-05,,,398.2122802734375,180.74000549316406,,409.68443959713613,184.58999633789062,,396.2244535460073,177.57000732421875,,409.3976273142039,183.0500030517578,,26919200,119660800
2024-03-06,,,397.6584777832031,176.5399932861328,,400.69464990996806,181.5800018310547,,393.9992743713947,173.6999969482422,,398.52878394681863,179.99000549316406,,22344100,107920900
2024-03-07,,,404.6308288574219,178.64999389648438,,405.26375963919287,180.0399932861328,,397.80685051788544,173.6999969482422,,401.64409335772916,174.35000610351562,,18718500,102129000
2024-03-08,,,401.74298095703125,175.33999633789062,,405.89670410960423,182.72999572753906,,399.87379648400184,174.6999969482422,,403.4637944607813,181.5,,18002200,85544600
2024-03-11,,,400.06170654296875,177.77000427246094,,401.20892561066205,182.8699951171875,,396.8376560715736,174.8000030517578,,399.31010315335084,175.4499969482422,,16120800,85391500
2024-03-12,,,410.7030944824219,177.5399932861328,,410.98990677094014,179.42999267578125,,402.306674544951,172.41000366210938,,403.1275136284859,177.77000427246094,,22457000,87391700
2024-03-13,,,410.525146484375,169.47999572753906,,413.57118820964047,176.0500030517578,,406.9153795439051,169.14999389648438,,413.4920831775679,173.0500030517578,,17115900,106524500
2024-03-14,,,420.5335998535156,162.5,,423.1049509734387,171.1699981689453,,413.38327169789596,160.50999450683594,,415.6084741741532,167.77000427246094,,34157300,126325700
2024-03-15,,,411.8305969238281,163.57000732421875,,417.942479135497,165.17999267578125,,408.2405987740766,160.75999450683594,,414.66896146964007,163.16000366210938,,45079900,97146800
2024-03-18,,,412.72064208984375,173.8000030517578,,416.09306343618266,174.72000122070312,,409.2196486698743,165.89999389648438,,409.6844699154105,170.02000427246094,,20106000,108214400
2024-03-19,,,416.7655944824219,171.32000732421875,,417.02273864986034,172.82000732421875,,410.97016253691675,167.4199981689453,,413.2250331816933,172.36000061035156,,19837900,77271400
2024-03-20,,,420.54345703125,175.66000366210938,,421.26539222387987,176.25,,416.02381676802577,170.82000732421875,,417.3490447100486,173.0,,17860100,83846700
2024-03-21,,,424.6378479003906,172.82000732421875,,426.07187931857345,178.17999267578125,,422.45221307253894,171.8000030517578,,425.092769724827,176.38999938964844,,21296200,73178000
2024-03-22,,,424.0147705078125,170.8300018310547,,425.1224219595106,171.1999969482422,,421.374213954432,166.3000030517578,,424.9642119074724,166.69000244140625,,17648500,75580600
2024-03-25,,,418.1995849609375,172.6300048828125,,422.69945686878276,175.24000549316406,,416.96336138975573,168.72999572753906,,420.5533594694659,168.75999450683594,,18060500,74228600
2024-03-26,,,417.0028991699219,177.6699981689453,,421.2950634803322,184.25,,416.7062176065533,177.3800048828125,,420.9192467125738,178.5800018310547,,16725600,113186200
2024-03-27,,,416.78533935546875,179.8300018310547,,419.7720747256789,181.91000366210938,,414.3920274982848,176.0,,419.7621752794236,181.41000366210938,,16705000,81804000
2024-03-28,,,416.08319091796875,175.7899932861328,,417.2205105809206,179.57000732421875,,414.5008186915298,175.3000030517578,,416.3205361885006,177.4499969482422,,21871200,77654800
2024-04-01,,,419.89068603515625,175.22000122070312,,423.17410250113244,176.75,,417.56658009745524,170.2100067138672,,419.2775240816424,176.1699981689453,,16316000,81562100
2024-04-02,,,416.79522705078125,166.6300048828125,,417.72486953541625,167.69000244140625,,413.2348973416725,163.42999267578125,,415.4798683479255,164.75,,17912000,116650600
2024-04-03,,,415.81610107421875,168.3800048828125,,418.5951287705414,168.82000732421875,,414.47107436548686,163.27999877929688,,415.10403521223935,164.02000427246094,,16502300,82950100
2024-04-04,,,413.27447509765625,171.11000061035156,,423.9455650411732,177.19000244140625,,412.96789407723793,168.00999450683594,,420.30610003731573,170.07000732421875,,19370900,123162000
2024-04-05,,,420.83026123046875,164.89999389648438,,421.809370796235,170.86000061035156,,413.7096317572202,160.50999450683594,,415.3810083958257,169.0800018310547,,16554800,143157600
2024-04-08,,,419.9104919433594,172.97999572753906,,422.5708472466926,174.5,,418.63470088049553,167.7899932861328,,420.48411653092035,169.33999633789062,,14272400,104423300
2024-04-09,,,421.58184814453125,176.8800048828125,,423.0257486270067,179.22000122070312,,416.9732036811313,171.9199981689453,,421.740088361701,172.91000366210938,,12496900,102951700
2024-04-10,,,418.5951843261719,171.75999450683594,,419.3566871510799,174.92999267578125,,415.0744221472326,170.00999450683594,,417.5369697470064,173.0399932861328,,16216600,84532400
2024-04-11,,,423.2137145996094,174.60000610351562,,424.6378465667318,175.8800048828125,,417.70509512825663,168.50999450683594,,421.1269837004689,172.5500030517578,,17966400,94516000
2024-04-12,,,417.25018310546875,171.0500030517578,,420.4940326220514,173.80999755859375,,415.1436532637378,170.36000061035156,,419.3764816595376,172.33999633789062,,19253800,64722700
2024-04-15,,,409.0812072753906,161.47999572753906,,422.1159406782311,170.69000244140625,,408.87349999590606,161.3800048828125,,421.898364133941,170.24000549316406,,20273500,100245300
2024-04-16,,,410.0108337402344,157.11000061035156,,413.7887401482267,158.19000244140625,,409.1702258721835,153.75,,410.00096447508815,156.74000549316406,,16765600,97000000
2024-04-17,,,407.301025390625,155.4499969482422,,414.26344459371984,158.3300018310547,,405.8076577445542,153.77999877929688,,412.6514043206412,157.63999938964844,,15855500,82439700
2024-04-18,,,399.8144836425781,149.92999267578125,,407.3505281111276,152.1999969482422,,399.4980333365914,148.6999969482422,,406.1044050559459,151.25,,21029900,96098800
2024-04-19,,,394.7212219238281,147.0500030517578,,401.0111429150955,150.94000244140625,,393.3860944801934,146.22000122070312,,399.5771115531844,148.97000122070312,,30565800,87074500
2024-04-22,,,396.5409240722656,142.0500030517578,,398.41010845767454,144.44000244140625,,391.38835306759285,138.8000030517578,,395.6706179149051,140.55999755859375,,20286900,107097600
2024-04-23,,,403.0780944824219,144.67999267578125,,403.70115595190015,147.25999450683594,,398.61779046162303,141.11000061035156,,399.78477819553336,143.3300018310547,,15734500,124545100
2024-04-24,,,404.5516662597656,162.1300048828125,,407.92408759573516,167.97000122070312,,402.2967957988556,157.50999450683594,,405.04615566067775,162.83999633789062,,15065300,181178000
2024-04-25,,,394.6421203613281,170.17999267578125,,395.4827584021969,170.8800048828125,,383.7534537964164,158.36000061035156,,389.6873267702122,158.9600067138672,,40586500,126427500
2024-04-26,,,401.8418884277344,168.2899932861328,,408.4482598176065,172.1199951171875,,401.28806269332824,166.3699951171875,,407.6274206623671,168.85000610351562,,29694700,109815700
2024-04-29,,,397.8167419433594,194.0500030517578,,401.84189310160997,198.8699951171875,,394.79046908042733,184.5399932861328,,400.7836784898605,188.4199981689453,,19582100,243869700
2024-04-30,,,385.03912353515625,183.27999877929688,,397.727739119863,190.9499969482422,,384.88091347817664,182.83999633789062,,397.0651100086482,186.97999572753906,,28781400,127031800
2024-05-01,,,390.5873107910156,179.99000549316406,,397.29258621007074,185.86000061035156,,386.0083338706027,179.00999450683594,,388.2829731610127,182.0,,23562500,92829700
2024-05-02,,,393.4552917480469,180.00999450683594,,395.5222536584796,184.60000610351562,,390.3004472054824,176.02000427246094,,393.2772828213077,182.86000061035156,,17709400,89148000
2024-05-03,,,402.1781311035156,181.19000244140625,,402.66272106797066,184.77999877929688,,397.431014652392,178.4199981689453,,397.8463990370952,182.10000610351562,,17446700,75491500
2024-05-06,,,408.9822998046875,184.75999450683594,,409.36798584093685,187.55999755859375,,401.89130855665024,182.1999969482422,,404.25498236640857,183.8000030517578,,16996600,84390300
2024-05-07,,,404.82861328125,177.80999755859375,,410.09988764131936,183.25999450683594,,404.5813685599285,177.39999389648438,,410.0899881944696,182.39999389648438,,20018200,75045900
2024-05-08,,,406.0153503417969,174.72000122070312,,407.68672686794355,176.05999755859375,,402.2275447730789,170.14999389648438,,403.6714754994307,171.58999633789062,,11792300,79969500
2024-05-09,,,407.7757873535156,171.97000122070312,,408.17137287732766,175.6199951171875,,404.5912740877817,171.3699951171875,,406.0450742782524,175.00999450683594,,14689700,65950300
2024-05-10,,,410.1690368652344,168.47000122070312,,410.8019977518393,173.05999755859375,,407.2614369275202,167.75,,408.38888718882157,173.0500030517578,,13402300,72627200
2024-05-13,,,409.1602783203125,171.88999938964844,,413.73925463493686,175.39999389648438,,406.2922460610267,169.0,,413.403005491002,170.0,,15440200,67018900
2024-05-14,,,411.9690246582031,177.5500030517578,,412.8887677392151,179.49000549316406,,407.01423099397886,174.07000732421875,,407.47905225770086,174.5,,15109300,86407400
2024-05-15,,,419.171875,173.99000549316406,,419.89514266479534,180.0,,413.41554606061356,173.11000061035156,,414.039731407047,179.89999389648438,,22239500,79663000
2024-05-16,,,417.1011657714844,174.83999633789062,,421.49026736821406,175.7899932861328,,416.46709338675123,171.42999267578125,,417.9036811134131,174.10000610351562,,17530100,59812200
2024-05-17,,,416.3283386230469,177.4600067138672,,419.0133270061195,179.6300048828125,,414.16848343784375,172.75,,418.6368323849846,173.5500030517578,,15352200,77445800
2024-05-20,,,421.4110107421875,174.9499969482422,,422.8277941720161,177.75,,416.1104241550555,173.52000427246094,,416.32839316238903,177.55999755859375,,16272100,61727400
2024-05-21,,,425.0767822265625,186.60000610351562,,428.9704718767671,186.8800048828125,,420.92548463230116,174.7100067138672,,422.8871751734283,175.50999450683594,,21453300,115266500
2024-05-22,,,426.5431213378906,180.11000061035156,,428.41567724259045,183.8000030517578,,423.1844517072994,178.1199951171875,,426.1171006588035,182.85000610351562,,18073700,88313500
2024-05-23,,,423.0556335449219,173.74000549316406,,429.5946728037583,181.89999389648438,,421.49024192824197,173.25999450683594,,428.9704875231151,181.8000030517578,,17211700,71975500
2024-05-24,,,426.18646240234375,179.24000549316406,,427.07814273445496,180.0800018310547,,420.4895772016025,173.72999572753906,,423.2438961414034,174.83999633789062,,11855300,65584500
2024-05-28,,,426.3450012207031,176.75,,426.8403825578059,178.25,,422.6593628632313,173.16000366210938,,425.6613725566471,176.39999389648438,,15718000,59736600
2024-05-29,,,425.2055969238281,176.19000244140625,,426.959235835121,178.14999389648438,,421.7577322025146,173.92999267578125,,421.7577322025146,174.19000244140625,,15517100,54782600
2024-05-30,,,410.8395690917969,178.7899932861328,,420.38058819244,182.6699981689453,,410.4135181651845,175.3800048828125,,420.38058819244,178.5800018310547,,28394500,77618400
2024-05-31,,,411.2952880859375,178.0800018310547,,412.90031868017155,180.32000732421875,,400.7733939809139,173.82000732421875,,412.90031868017155,178.5,,47995300,67314600
2024-06-03,,,409.7001647949219,176.2899932861328,,412.58328776743826,182.63999938964844,,405.14268074171713,174.49000549316406,,411.6916074194493,178.1300048828125,,17484700,68568900
2024-06-04,,,412.22662353515625,174.77000427246094,,412.5932008783865,177.75999450683594,,405.89563568095855,174.0,,408.62023297171766,174.77999877929688,,14348900,60056300
2024-06-05,,,420.0932922363281,175.0,,420.1626226445845,176.14999389648438,,412.45449022904074,172.1300048828125,,413.95055154632206,175.35000610351562,,16988000,57953800
2024-06-06,,,420.5985412597656,177.94000244140625,,421.3812522043053,179.72999572753906,,416.69493407447,172.72999572753906,,420.09327287817626,174.60000610351562,,14861300,69887000
2024-06-07,,,419.93475341796875,177.47999572753906,,422.3422993904052,179.35000610351562,,419.09259912200673,175.5800018310547,,422.2630516824485,176.1300048828125,,13621700,56244900
2024-06-10,,,423.9176025390625,173.7899932861328,,424.12565422580445,178.57000732421875,,419.9743866143219,173.1699981689453,,420.7769019274312,176.05999755859375,,13982900,50774600
2024-06-11,,,428.68316650390625,170.66000366210938,,428.82188778491104,174.75,,421.3218074365333,167.41000366210938,,421.54969372575147,173.9199981689453,,14551100,64761900
2024-06-12,,,436.98577880859375,177.2899932861328,,439.3041598174871,180.5500030517578,,429.2479248102113,169.8000030517578,,431.29881078427445,171.1199951171875,,22366200,90389400
2024-06-13,,,437.5009765625,182.47000122070312,,439.2942848532079,191.0800018310547,,435.31139947750404,181.22999572753906,,436.7777391476236,188.38999938964844,,15960600,118984100
2024-06-14,,,438.4818420410156,178.00999450683594,,439.04658401937843,186.0,,432.6858743754039,176.9199981689453,,434.23146172147676,185.8000030517578,,13582000,82038200
2024-06-17,,,444.2282409667969,187.44000244140625,,446.774508213362,188.80999755859375,,436.64891280244507,177.0,,438.5016341053226,177.9199981689453,,20790000,109786100
2024-06-18,,,442.2170104980469,184.86000061035156,,445.9819268194956,187.1999969482422,,440.7804227549636,182.3699951171875,,445.55587588842855,186.55999755859375,,17112500,68982300
2024-06-20,,,441.58294677734375,181.57000732421875,,442.40526651332897,185.2100067138672,,437.1938450442549,179.66000366210938,,442.17738020784964,184.67999267578125,,19877400,55893100
2024-06-21,,,445.625244140625,183.00999450683594,,446.4178422030527,183.9499969482422,,442.3854610099622,180.69000244140625,,443.24741971766383,182.3000030517578,,34187100,61937300
2024-06-24,,,443.53472900390625,182.5800018310547,,448.5677899641911,188.8000030517578,,442.286358388998,182.5500030517578,,445.64502805126915,184.97000122070312,,15913700,61992100
2024-06-25,,,446.784423828125,187.35000610351562,,447.25008347754516,187.97000122070312,,442.62320865306464,182.00999450683594,,444.10935261048957,184.39999389648438,,16413400,62905700
2024-06-26,,,447.98321533203125,196.3699951171875,,449.4099158773303,197.75999450683594,,444.04988664900225,186.36000061035156,,444.8524019262736,186.5399932861328,,16507000,95737100
2024-06-27,,,448.6668701171875,197.4199981689453,,451.9562093572158,198.72000122070312,,447.5968295279366,194.0500030517578,,448.00304584092294,195.1699981689453,,14806300,72746500
2024-06-28,,,442.8213806152344,197.8800048828125,,451.17350253784576,203.1999969482422,,442.2863603157035,195.25999450683594,,448.88484322432845,199.5500030517578,,28362300,95438100
2024-07-01,,,452.5110168457031,209.86000061035156,,453.1450891922846,213.22999572753906,,441.5432675183624,200.85000610351562,,444.5155553424217,201.02000427246094,,17662800,135691400
2024-07-02,,,455.0374450683594,231.25999450683594,,455.3445790550665,231.3000030517578,,448.9244265313974,218.05999755859375,,449.01362177266395,218.88999938964844,,13979800,205047900
2024-07-03,,,456.5137023925781,246.38999938964844,,456.76139305889615,248.35000610351562,,453.65041401249385,234.25,,453.957548019874,234.55999755859375,,9932800,166561500
2024-07-05,,,463.240966796875,251.52000427246094,,464.0236777303131,252.3699951171875,,454.7303195449201,242.4600067138672,,455.36439189726417,249.80999755859375,,16000300,154501200
2024-07-08,,,461.93316650390625,252.94000244140625,,463.3797017370924,259.44000244140625,,460.1696102030399,244.57000732421875,,462.24030050538414,247.7100067138672,,12962300,157219600
2024-07-09,,,455.2950744628906,262.3299865722656,,463.0130936996793,265.6099853515625,,453.7692915232205,250.3000030517578,,462.6861553304454,251.0,,17207200,160210900
2024-07-10,,,461.9430847167969,263.260009765625,,462.1511364069266,267.5899963378906,,454.6213342335764,257.8599853515625,,456.9595498058476,262.79998779296875,,18196100,128519400
2024-07-11,,,450.49981689453125,241.02999877929688,,460.4866917201194,271.0,,447.3788901655864,239.64999389648438,,458.703330934161,263.29998779296875,,23111200,221707300
2024-07-12,,,449.3603820800781,248.22999572753906,,452.1444226722039,251.83999633789062,,446.48717647887116,233.08999633789062,,450.1331757277914,235.8000030517578,,16324300,155955800
2024-07-15,,,449.7666015625,252.63999938964844,,453.0361364302562,265.6000061035156,,447.2599732817251,251.72999572753906,,449.1126945889487,255.97000122070312,,14429400,146912900
2024-07-16,,,445.36761474609375,256.55999755859375,,450.1034589951911,258.6199951171875,,442.53404808528967,245.8000030517578,,450.0242112870306,255.30999755859375,,17175700,126332500
2024-07-17,,,439.42303466796875,248.5,,440.7407659095282,258.4700012207031,,435.12312844393387,246.17999267578125,,438.5016326704633,252.72999572753906,,21778000,115584800
2024-07-18,,,436.3021240234375,249.22999572753906,,440.5425867682437,257.1400146484375,,430.38727005541875,247.1999969482422,,440.23545277919766,251.08999633789062,,20794800,110869000
2024-07-19,,,433.0722351074219,239.1999969482422,,437.0650374995757,249.44000244140625,,428.00945262308335,236.8300018310547,,429.09929755421246,247.7899932861328,,20940400,87403900
2024-07-22,,,438.84844970703125,251.50999450683594,,440.4931194808367,253.2100067138672,,434.8556770812407,243.75,,437.70907860515956,244.2100067138672,,15808800,101225400
2024-07-23,,,440.7407531738281,246.3800048828125,,444.2480612797599,255.75999450683594,,439.00691860605986,245.6300048828125,,439.79951659991235,253.60000610351562,,13107100,111928200
2024-07-24,,,424.9381408691406,215.99000549316406,,437.4019532970569,225.99000549316406,,423.6402440749842,214.7100067138672,,436.3814688657199,225.4199981689453,,26805800,167942900
2024-07-25,,,414.53509521484375,220.25,,425.8297836093588,226.0,,413.65333216081086,216.22999572753906,,424.83902093903856,216.8000030517578,,29943800,100636500
2024-07-26,,,421.34161376953125,219.8000030517578,,424.9579215661057,222.27999877929688,,413.41551271082733,215.3300018310547,,414.33694493801545,221.19000244140625,,23583800,94604100
2024-07-29,,,422.78814697265625,232.10000610351562,,428.15806348242296,234.27000427246094,,420.77690004799786,224.6999969482422,,427.59332152811265,224.89999389648438,,15125800,129201800
2024-07-30,,,419.01336669921875,222.6199951171875,,425.0867165408092,232.41000366210938,,413.5046983714735,220.0,,423.7690154776861,232.25,,32687600,100560300
2024-07-31,,,414.4855651855469,232.07000732421875,,417.88387385546883,234.67999267578125,,408.4022679352166,226.7899932861328,,416.61569885909415,227.89999389648438,,42891400,67497000
2024-08-01,,,413.2569885253906,216.86000061035156,,423.5113878535516,231.8699951171875,,409.2741336141255,214.3300018310547,,416.9030180044247,227.69000244140625,,30296400,83861900
2024-08-02,,,404.7166442871094,207.6699981689453,,411.1665191178448,216.1300048828125,,400.60498514306653,205.77999877929688,,408.6796950737874,214.8800048828125,,29437900,82880100
2024-08-05,,,391.4998474121094,198.8800048828125,,397.3354538191348,203.8800048828125,,382.01824178124633,182.0,,385.57510623229217,185.22000122070312,,40709200,100308800
2024-08-06,,,395.9186706542969,200.63999938964844,,401.92272047285906,202.89999389648438,,394.8189385631437,192.6699981689453,,396.30508262297985,200.75,,24946500,73783900
2024-08-07,,,394.7495422363281,191.75999450683594,,406.2919206772892,203.49000549316406,,393.79841858999345,191.47999572753906,,404.865250325625,200.77000427246094,,20650900,71159800
2024-08-08,,,398.9701843261719,198.83999633789062,,402.1108847615145,200.6999969482422,,396.24558724095715,192.0399932861328,,398.72249368206144,195.6999969482422,,20203000,65033900
2024-08-09,,,402.2694396972656,200.0,,404.2806866644843,200.8800048828125,,398.5441926988125,195.11000061035156,,400.2978317019802,197.0500030517578,,19276700,58648300
2024-08-12,,,403.0521545410156,197.49000549316406,,404.98415381866863,199.25999450683594,,400.50588725302117,194.6699981689453,,403.29984520555183,199.02000427246094,,16762900,64044900
2024-08-13,,,410.1856384277344,207.8300018310547,,411.1169577013194,208.49000549316406,,405.7866500141935,197.05999755859375,,405.8064543815787,198.47000122070312,,19414300,76247400
2024-08-14,,,413.0093078613281,201.3800048828125,,413.8613794713292,208.44000244140625,,408.6400711388976,198.75,,410.9683392009438,207.38999938964844,,18267000,70250000
2024-08-15,,,417.8926696777344,214.13999938964844,,417.9720602254848,215.8800048828125,,414.5477862717882,204.82000732421875,,416.6718241885771,205.02000427246094,,20752100,89848500
2024-08-16,,,415.3517150878906,216.1199951171875,,418.20032404609645,219.8000030517578,,414.19042017435385,210.8000030517578,,417.4658479496036,211.14999389648438,,22775600,88765100
2024-08-19,,,418.388916015625,222.72000122070312,,418.60727787010427,222.97999572753906,,413.3566884761521,214.08999633789062,,415.8380594178836,217.07000732421875,,15234000,76435200
2024-08-20,,,421.6345520019531,221.10000610351562,,422.6866508922164,228.22000122070312,,418.4981256850532,219.55999755859375,,418.5576761663757,224.8800048828125,,16387600,74001200
2024-08-21,,,420.9795227050781,223.27000427246094,,423.2226616504916,224.66000366210938,,418.5775420794304,218.86000061035156,,420.9199419299025,222.6699981689453,,16067300,70146000
2024-08-22,,,412.4534912109375,210.66000366210938,,423.60975624910697,224.8000030517578,,411.5204932561933,210.32000732421875,,421.19784052472494,223.82000732421875,,19361900,79514500
2024-08-23,,,413.68426513671875,220.32000732421875,,416.1358609497773,221.47999572753906,,409.01927543893964,214.2100067138672,,413.87285176004434,214.4600067138672,,18493800,81525200
2024-08-26,,,410.4088134765625,213.2100067138672,,414.1705802586453,219.08999633789062,,408.2748405512739,211.00999450683594,,413.2673576122786,218.75,,13152800,59301200
2024-08-27,,,410.7562255859375,209.2100067138672,,411.27233984867695,215.66000366210938,,407.19298047026894,206.94000244140625,,409.7835172509794,213.25,,13492900,62821400
2024-08-28,,,407.5404052734375,205.75,,411.9076124558987,211.83999633789062,,404.2749123464537,202.58999633789062,,411.78851148667684,209.72000122070312,,14882700,64116400
2024-08-29,,,410.0415954589844,206.27999877929688,,418.9050455158515,214.88999938964844,,407.5403843631331,205.97000122070312,,411.8480408399638,209.8000030517578,,17045200,62308800
2024-08-30,,,414.0316467285156,214.11000061035156,,414.37901443017955,214.57000732421875,,409.05896964037805,207.02999877929688,,412.50311373853776,208.6300048828125,,24308300,63370600
2024-09-03,,,406.3890380859375,210.60000610351562,,416.7512462836699,219.89999389648438,,403.99699269665393,209.63999938964844,,414.79592463376775,215.25999450683594,,20313600,76714200
2024-09-04,,,405.8530578613281,219.41000366210938,,408.1756176150405,222.22000122070312,,401.356814564364,210.57000732421875,,402.8853476688359,210.58999633789062,,15135800,80651800
2024-09-05,,,405.3468322753906,230.1699981689453,,410.0217264889614,235.0,,403.10366332769695,222.25,,404.58255066568705,223.49000549316406,,14195500,119355000
2024-09-06,,,398.7066955566406,210.72999572753906,,407.5899853655918,233.60000610351562,,397.813377784307,210.50999450683594,,406.01183707940055,232.60000610351562,,19609500,112177000
2024-09-09,,,402.6967468261719,216.27000427246094,,405.6049064318399,219.8699951171875,,399.1533416913916,213.6699981689453,,404.2054095225525,216.1999969482422,,15295100,67443500
2024-09-10,,,411.1135559082031,226.1699981689453,,413.2276585385216,226.39999389648438,,404.6619913629379,218.63999938964844,,405.1582655587275,220.07000732421875,,19594300,78891100
2024-09-11,,,419.8876953125,228.1300048828125,,420.83059814465895,228.47000122070312,,406.527971667463,216.8000030517578,,412.4038716868024,224.5500030517578,,19266900,83548600
2024-09-12,,,423.81817626953125,229.80999755859375,,424.18541433930886,231.4499969482422,,416.62220020874884,223.8300018310547,,420.1556701684846,224.66000366210938,,17395700,71894900
2024-09-13,,,427.38140869140625,230.2899932861328,,428.61215900524985,232.6699981689453,,422.2896305914577,226.32000732421875,,422.65686865025475,228.0,,15874600,59515100
2024-09-16,,,428.1258239746094,226.77999877929688,,430.2995073976486,229.9600067138672,,425.0290778075874,223.52999877929688,,427.3913478501723,229.3000030517578,,13834700,54323000
2024-09-17,,,431.9074401855469,227.8699951171875,,438.5575267353336,234.57000732421875,,429.0488958810436,226.5500030517578,,436.949603136594,229.4499969482422,,18874200,66761600
2024-09-18,,,427.59979248046875,227.1999969482422,,432.78089656665435,235.67999267578125,,427.20277916114134,226.8800048828125,,431.75857288155333,230.08999633789062,,18898000,78010200
2024-09-19,,,435.42108154296875,243.9199981689453,,438.21014026162374,244.24000549316406,,433.64441133789575,232.1300048828125,,437.9421630848395,234.0,,21706600,102694600
2024-09-20,,,432.0265808105469,238.25,,435.9669996229732,243.99000549316406,,430.98441698685434,235.9199981689453,,433.9620625290351,241.52000427246094,,55167100,99879100
2024-09-23,,,430.2796936035156,250.0,,433.2076933933247,250.0,,427.182947247431,241.9199981689453,,431.04394501505726,242.61000061035156,,15128900,86927200
2024-09-24,,,425.9720153808594,254.27000427246094,,430.1208604741096,257.19000244140625,,422.9248844858402,249.0500030517578,,429.77346247181356,254.0800018310547,,17015800,88491000
2024-09-25,,,428.8901062011719,257.0199890136719,,429.8925898519273,257.04998779296875,,425.3765064150849,252.27999877929688,,426.6270968939567,252.5399932861328,,13396400,65034300
2024-09-26,,,428.0960388183594,254.22000122070312,,432.05629715674354,261.75,,425.93229062231114,251.52999877929688,,431.847870478453,260.6000061035156,,14492000,67142200
2024-09-27,,,424.8305358886719,260.4599914550781,,428.6320130497984,260.70001220703125,,424.2846464096371,254.1199951171875,,428.30445513023994,257.3800048828125,,14896100,70988100
2024-09-30,,,427.0935363769531,261.6300048828125,,427.21266762088106,264.8599853515625,,422.20028035570283,255.77000427246094,,425.0191139919029,259.0400085449219,,16807300,80705700
2024-10-01,,,417.55517578125,258.0199890136719,,425.28713605707173,263.9800109863281,,415.6891800010871,248.52999877929688,,425.25736081760834,262.6700134277344,,19092900,87397600
2024-10-02,,,414.0217590332031,249.02000427246094,,419.6693623993433,251.16000366210938,,413.6048753371549,241.5,,419.4311301629545,247.5500030517578,,16582300,93983900
2024-10-03,,,413.4361267089844,240.66000366210938,,416.4236768512481,249.7899932861328,,411.20289276743637,237.80999755859375,,414.51800085029123,244.47999572753906,,13686400,80729200
2024-10-04,,,412.9596862792969,250.0800018310547,,416.62219231091404,250.9600067138672,,411.87781215445386,244.5800018310547,,415.12343452898295,246.69000244140625,,19169700,86573200
2024-10-07,,,406.48828125,240.8300018310547,,414.0018496365578,249.8300018310547,,405.95229663138974,240.6999969482422,,412.90013544904184,249.0,,20919800,68113300
2024-10-08,,,411.6197814941406,244.5,,412.5627146887399,246.2100067138672,,405.12853608877566,240.55999755859375,,407.83817411820297,243.55999755859375,,19229300,56303200
2024-10-09,,,414.3492431640625,241.0500030517578,,417.247497795826,247.42999267578125,,411.2127866111198,239.50999450683594,,412.7611596791307,243.82000732421875,,14974300,66289500
2024-10-10,,,412.7413635253906,238.77000427246094,,414.24012144932607,242.7899932861328,,410.0714056441615,232.33999633789062,,412.13592348125917,241.80999755859375,,13848400,83087100
2024-10-11,,,413.2177429199219,217.8000030517578,,414.0217046730069,223.33999633789062,,410.1706121672714,214.3800048828125,,413.039091483719,220.1300048828125,,14144900,142628900
2024-10-14,,,416.0167541503906,219.16000366210938,,420.8802352901763,221.91000366210938,,414.40880028614094,213.74000549316406,,414.65693738807056,220.1300048828125,,16653100,86291900
2024-10-15,,,415.6197204589844,219.57000732421875,,419.3318721896264,224.25999450683594,,412.1656713035286,217.1199951171875,,419.0340894861109,220.00999450683594,,18900200,62988800
2024-10-16,,,413.01922607421875,221.3300018310547,,413.25742799200697,222.82000732421875,,407.4212689749873,218.92999267578125,,412.0763232895253,221.39999389648438,,15508900,49632800
2024-10-17,,,413.6147766113281,220.88999938964844,,419.35170523704693,222.0800018310547,,412.49319205621896,217.89999389648438,,419.2127339196968,221.58999633789062,,14820000,50791800
2024-10-18,,,415.0440673828125,220.6999969482422,,416.52295489433874,222.27999877929688,,413.1582313681452,219.22999572753906,,414.0316788587722,220.7100067138672,,17145300,49611900
2024-10-21,,,415.659423828125,218.85000610351562,,415.8380752730999,220.47999572753906,,410.6669065146117,215.72999572753906,,413.01924141063614,218.89999389648438,,14206100,47329000
2024-10-22,,,424.32440185546875,217.97000122070312,,427.37150260733677,218.22000122070312,,414.92496672704124,215.25999450683594,,415.37159535996557,217.30999755859375,,25482200,43268700
2024-10-23,,,421.4360656738281,213.64999389648438,,427.86776005710016,218.72000122070312,,419.3814831724278,212.11000061035156,,427.6493981928425,217.1300048828125,,19654400,80938900
2024-10-24,,,421.5650939941406,260.4800109863281,,422.80577949754775,262.1199951171875,,419.2524392532927,242.64999389648438,,422.1605988036373,244.67999267578125,,13581600,204491900
2024-10-25,,,424.9595947265625,269.19000244140625,,429.29702642206786,269.489990234375,,423.3913815699701,255.32000732421875,,423.5799681906594,256.010009765625,,16899100,161611900
2024-10-28,,,423.4112548828125,262.510009765625,,428.7213953393787,273.5400085449219,,423.1234073407083,262.239990234375,,428.4434829749879,270.0,,14882400,107653600
2024-10-29,,,428.7312927246094,259.5199890136719,,429.94220298203743,264.9800109863281,,422.62709584345464,255.50999450683594,,424.8107144355948,264.510009765625,,17644100,80521800
2024-10-30,,,429.3069763183594,257.54998779296875,,435.2324917274877,263.3500061035156,,428.880187758029,255.82000732421875,,434.18039280239805,258.0400085449219,,29749100,53993600
2024-10-31,,,403.32208251953125,249.85000610351562,,413.05898072406984,259.75,,403.2724369212272,249.25,,412.2649237627877,257.989990234375,,53971000,66575300
2024-11-01,,,407.3121032714844,248.97999572753906,,412.4038816750557,254.0,,404.46349406157685,246.6300048828125,,405.96225191647693,252.0399932861328,,24230400,57544800
2024-11-04,,,405.41632080078125,242.83999633789062,,407.3617375208185,248.89999389648438,,402.5478716062057,238.8800048828125,,406.74633205416956,244.55999755859375,,19672300,68802400
2024-11-05,,,408.3939514160156,251.44000244140625,,411.8083202953773,255.27999877929688,,405.039133016745,246.2100067138672,,405.3269805306338,247.33999633789062,,17626000,69282500
2024-11-06,,,417.0489807128906,288.5299987792969,,417.31698816741806,289.5899963378906,,407.4609595048601,275.6199951171875,,409.346825702744,284.6700134277344,,26681800,165228700
2024-11-07,,,422.2598571777344,296.9100036621094,,423.66928922885575,299.75,,416.75122569160607,285.5199890136719,,418.14078738908074,288.8900146484375,,19901800,117309200
2024-11-08,,,419.3913879394531,321.2200012207031,,423.3218709209174,328.7099914550781,,418.6370415012291,297.6600036621094,,422.15067113853826,299.1400146484375,,16891400,204782800
2024-11-11,,,414.8951721191406,350.0,,421.6444892164841,358.6400146484375,,412.90014011467326,336.0,,419.37154486777723,346.29998779296875,,24503300,210521600
2024-11-12,,,419.87774658203125,328.489990234375,,421.27724345465793,345.8399963378906,,414.09120276331856,323.30999755859375,,415.1333664626366,342.739990234375,,19401200,155726000
2024-11-13,,,422.0315856933594,330.239990234375,,426.13078508233804,344.6000061035156,,415.0936518803662,322.5,,418.4981158636683,335.8500061035156,,21502200,125405600
2024-11-14,,,423.7090148925781,311.17999267578125,,424.9794756745813,329.9800109863281,,416.87034165331505,310.3699951171875,,421.83308381585454,327.69000244140625,,30246900,120726100
2024-11-15,,,411.9075927734375,320.7200012207031,,419.64945830467593,324.67999267578125,,410.5577414665236,309.2200012207031,,416.69168340974903,310.57000732421875,,28247600,114440300
2024-11-18,,,412.6619567871094,338.739990234375,,415.28226896658396,348.54998779296875,,409.0292257942814,330.010009765625,,411.77857411978533,340.7300109863281,,24727000,126085600
2024-11-19,,,414.6767883300781,346.0,,414.825664526232,347.3800048828125,,408.4832659585283,332.75,,410.03163897887276,335.760009765625,,18133500,88852500
2024-11-20,,,412.3939208984375,342.0299987792969,,414.18052617467214,346.6000061035156,,407.52050466835993,334.29998779296875,,413.76364252316546,345.0,,19191700,66340700
2024-11-21,,,410.61370849609375,339.6400146484375,,417.48594978990576,347.989990234375,,408.047821251109,335.2799987792969,,417.2074811714516,343.80999755859375,,20780200,58011700
2024-11-22,,,414.72113037109375,352.55999755859375,,415.11893833486243,361.5299987792969,,408.8135895391823,337.70001220703125,,409.1218929874132,341.0899963378906,,24814600,89140700
2024-11-25,,,416.5013732910156,338.5899963378906,,418.778836873561,361.92999267578125,,412.58290247238904,338.20001220703125,,416.09361024787086,360.1400146484375,,27691100,95890900
2024-11-26,,,425.6510925292969,338.2300109863281,,426.69537265560376,346.9599914550781,,416.5610569682543,335.6600036621094,,417.29700327286355,341.0,,23458900,62295900
2024-11-27,,,420.67840576171875,332.8900146484375,,424.8952553598379,342.54998779296875,,419.71370546967114,326.5899963378906,,422.78681538537654,341.79998779296875,,18332400,57896400
2024-11-29,,,421.1458740234375,345.1600036621094,,422.55812738435895,345.45001220703125,,415.5168010593915,334.6499938964844,,417.7942952020102,336.0799865722656,,16271900,37167600
2024-12-02,,,428.624755859375,357.0899963378906,,430.63370587040276,360.0,,419.0075879189551,351.1499938964844,,419.26617676175783,352.3800048828125,,20207200,77986500
2024-12-03,,,428.84356689453125,351.4200134277344,,430.1066156030698,355.69000244140625,,425.40245343840513,348.20001220703125,,427.4909833141871,351.79998779296875,,18302000,58267200
2024-12-04,,,435.0295715332031,357.92999267578125,,437.2672755840065,358.1000061035156,,430.26573974460115,348.6000061035156,,430.6635477279166,353.0,,26009400,50810900
2024-12-05,,,440.2011413574219,369.489990234375,,442.2300015529848,375.42999267578125,,433.7864078777922,359.5,,435.5268443828614,359.8699951171875,,21697800,81403600
2024-12-06,,,441.14593505859375,389.2200012207031,,443.6621076103015,389.489990234375,,439.3557536946216,370.79998779296875,,439.88285607578405,377.4200134277344,,18821000,81455800
2024-12-09,,,443.5825500488281,389.7900085449219,,445.8799237829371,404.79998779296875,,438.09272702914495,378.010009765625,,440.1812568830996,397.6099853515625,,19144400,96359200
2024-12-10,,,440.9072265625,400.989990234375,,447.16286075507645,409.7300109863281,,439.186700287295,390.8500061035156,,441.961461676973,392.67999267578125,,18469500,97563600
2024-12-11,,,446.5363464355469,424.7699890136719,,447.8889300799693,424.8800048828125,,441.62334015579273,402.3800048828125,,441.62334015579273,409.70001220703125,,19200200,104287600
2024-12-12,,,447.10321044921875,418.1000061035156,,453.66714837494953,429.29998779296875,,446.65565750056305,415.0,,446.65565750056305,424.8399963378906,,20834800,87752200
2024-12-13,,,444.8257141113281,436.2300109863281,,448.9629838704377,436.29998779296875,,443.14494732322726,415.7099914550781,,445.98933356109154,420.0,,20177800,89000200
2024-12-16,,,449.1221008300781,463.0199890136719,,449.70887289523523,463.19000244140625,,442.84658679582157,436.1499938964844,,444.82570192667384,441.0899963378906,,23598800,114083800
2024-12-17,,,451.9764404296875,479.8599853515625,,452.80192160914675,483.989990234375,,447.1131792784758,457.510009765625,,448.5453123373024,475.8999938964844,,22733500,131223000
2024-12-18,,,434.999755859375,440.1300048828125,,450.17634202962637,488.5400085449219,,434.6317523490202,427.010009765625,,448.8536235978926,466.5,,24444500,149340800
2024-12-19,,,434.6416931152344,436.1700134277344,,440.7580781855559,456.3599853515625,,433.9355816606558,420.0199890136719,,439.2066057877418,451.8800048828125,,22963700,118566100
2024-12-20,,,434.2140808105469,421.05999755859375,,441.3150464611244,447.0799865722656,,426.28763393531244,417.6400146484375,,430.7431322726768,425.510009765625,,64263700,132216200
2024-12-23,,,432.8714294433594,430.6000061035156,,435.25830776300677,434.510009765625,,430.4646409959487,415.4100036621094,,434.35327712310794,431.0,,19152500,72698100
2024-12-24,,,436.92913818359375,462.2799987792969,,437.1976821134136,462.7799987792969,,431.8172430131867,435.1400146484375,,432.27472070918293,435.8999938964844,,7164500,59551800
2024-12-26,,,435.7157897949219,454.1300048828125,,438.5303413291557,465.3299865722656,,434.24389716434194,451.0199890136719,,436.6804901261448,465.1600036621094,,8194200,76366400
2024-12-27,,,428.1772155761719,431.6600036621094,,432.8415878431465,450.0,,424.020065946368,426.5,,432.22498090820386,449.5199890136719,,18117700,82666800
2024-12-30,,,422.5083312988281,417.4100036621094,,425.21346797282456,427.0,,419.5943507529856,415.75,,423.7316203926744,419.3999938964844,,13158700,64941000
2024-12-31,,,419.1965637207031,403.8399963378906,,424.3979934566231,427.92999267578125,,418.36115784079396,402.5400085449219,,423.77143145899026,423.7900085449219,,13246500,76825100
2025-01-02,,,416.2925109863281,379.2799987792969,,423.74159992080814,392.7300109863281,,412.5829142901712,373.0400085449219,,423.2045424399656,390.1000061035156,,16896500,109710700
2025-01-03,,,421.0364685058594,410.44000244140625,,421.712745134401,411.8800048828125,,417.2472919522773,379.45001220703125,,418.77885425500915,381.4800109863281,,16662900,95423300
2025-01-06,,,425.5118713378906,411.04998779296875,,431.9465149926899,426.42999267578125,,423.15482788109534,401.70001220703125,,425.66104554069966,423.20001220703125,,20573600,85516500
2025-01-07,,,420.0617980957031,394.3599853515625,,428.29654775990844,414.3299865722656,,418.50037065706186,390.0,,426.655570865203,405.8299865722656,,18139100,75699500
2025-01-08,,,422.2398376464844,394.94000244140625,,424.6366709818625,402.5,,419.2363524426034,387.3999938964844,,421.145842919639,392.95001220703125,,15054600,73038800
2025-01-10,,,416.6604919433594,394.739990234375,,422.38899347611215,399.2799987792969,,412.7519459369572,377.2900085449219,,422.30944402253056,391.3999938964844,,20201100,62287300
2025-01-13,,,414.9101257324219,403.30999755859375,,416.21296436365594,403.7900085449219,,410.03690951971083,380.07000732421875,,412.97077003054903,383.2099914550781,,17604800,67580500
2025-01-14,,,413.3984375,396.3599853515625,,417.4461724776856,422.6400146484375,,408.4754763868852,394.5400085449219,,415.5267269300622,414.3399963378906,,16935900,84565000
2025-01-15,,,423.9802551269531,428.2200012207031,,425.8101960648602,429.79998779296875,,415.984184442192,405.6600036621094,,416.83950040874134,409.8999938964844,,19637800,81375500
2025-01-16,,,422.25970458984375,413.82000732421875,,427.1428756329152,424.0,,422.07077084126166,409.1300048828125,,426.35721474684357,423.489990234375,,15300000,68335200
2025-01-17,,,426.6853942871094,426.5,,432.1056227420966,439.739990234375,,425.8301086663914,419.75,,431.717739483304,421.5,,26197500,94991400
2025-01-21,,,426.1583251953125,424.07000732421875,,428.54520356031776,433.20001220703125,,423.2741792396476,406.30999755859375,,427.8490471438773,432.6400146484375,,26085700,87320900
2025-01-22,,,443.7615966796875,415.1099853515625,,444.8257262250376,428.0,,433.6173259954359,414.5899963378906,,435.168798403502,416.80999755859375,,27803800,60963300
2025-01-23,,,444.2687683105469,412.3800048828125,,444.3085582129765,420.7300109863281,,439.08724891108926,408.95001220703125,,439.58451646364995,416.05999755859375,,18389300,50690600
2025-01-24,,,441.6332702636719,406.5799865722656,,444.20911262497947,418.8800048828125,,438.98780315861995,405.7799987792969,,442.727264983927,414.45001220703125,,15549500,56427100
2025-01-27,,,432.1851806640625,397.1499938964844,,432.82169771122886,406.69000244140625,,421.185624630697,389.0,,421.6928472557325,394.79998779296875,,35647800,58125500
2025-01-28,,,444.7561340332031,398.0899963378906,,445.9296782334323,400.5899963378906,,429.02258057650255,386.5,,432.22498499378844,396.9100036621094,,23491700,48910700
2025-01-29,,,439.9127197265625,389.1000061035156,,444.4378728714111,398.5899963378906,,437.9932741704639,384.4800109863281,,444.2489087647689,395.2099914550781,,23581400,68033600
2025-01-30,,,412.7221374511719,400.2799987792969,,420.5491243253889,412.5,,410.9021514578089,384.4100036621094,,416.4814791520961,410.7799987792969,,54586300,98092900
2025-01-31,,,412.791748046875,404.6000061035156,,418.39098567699745,419.989990234375,,412.64257384774635,401.3399963378906,,416.69033910532374,401.5299987792969,,34161900,83283600
2025-02-03,,,408.6744079589844,383.67999267578125,,413.1398611878705,389.1700134277344,,406.4267487485119,374.3599853515625,,409.350684594608,386.67999267578125,,25679100,93732100
2025-02-04,,,410.116455078125,392.2099914550781,,411.65800277159144,394.0,,407.5008227766752,381.3999938964844,,410.43471361041793,382.6300048828125,,20532100,57072200
2025-02-05,,,411.03143310546875,378.1700134277344,,411.5684602240434,388.3900146484375,,408.15721200628155,375.5299987792969,,410.09656765354515,387.510009765625,,16316700,57223300
2025-02-06,,,413.547607421875,374.32000732421875,,415.914605901032,375.3999938964844,,411.73754619066034,363.17999267578125,,411.73754619066034,373.0299987792969,,16309800,77918200
2025-02-07,,,407.5107727050781,361.6199951171875,,416.36212936115334,380.54998779296875,,405.86979579790295,360.3399963378906,,414.2040051086223,370.19000244140625,,22886800,70298300
2025-02-10,,,409.9672546386719,350.7300109863281,,413.18953860720654,362.70001220703125,,408.67437116632954,350.510009765625,,411.44910220554453,356.2099914550781,,20817900,77514900
2025-02-11,,,409.1915283203125,328.5,,410.2357780460881,349.3699951171875,,407.06320861531077,325.1000061035156,,407.4013772616106,345.79998779296875,,18140600,118543400
2025-02-12,,,406.80462646484375,336.510009765625,,408.5052729067791,346.3999938964844,,402.16013441426566,329.1199951171875,,404.9846103219084,329.94000244140625,,19121700,105382700
2025-02-13,,,408.29644775390625,355.94000244140625,,408.7539254008991,358.69000244140625,,404.13926797640636,342.8500061035156,,404.775785007703,345.0,,23891700,89441500
2025-02-14,,,406.1979675292969,355.8399963378906,,406.6753553081934,362.0,,403.66191514014076,347.5,,405.5614808415711,360.6199951171875,,22758500,68277300
2025-02-18,,,407.4013671875,354.1099853515625,,408.3561123718122,359.1000061035156,,404.27851244915104,350.0199890136719,,405.7703150781147,355.010009765625,,21423100,51631700
2025-02-19,,,412.5032958984375,360.55999755859375,,413.21936235564965,367.3399963378906,,405.4222111275627,353.6700134277344,,405.65096511764483,354.0,,24114200,67094400
2025-02-20,,,414.6857604980469,354.3999938964844,,417.8547165109783,362.29998779296875,,411.10822380495836,348.0,,413.84867949906476,361.510009765625,,23508700,45965400
2025-02-21,,,406.793212890625,337.79998779296875,,416.59905745325864,354.9800109863281,,406.4743466307379,334.4200134277344,,415.8915301727366,353.44000244140625,,27524800,74058600
2025-02-24,,,402.59783935546875,330.5299987792969,,407.9491968592537,342.3999938964844,,397.93408950529806,324.70001220703125,,407.09219625426255,338.1400146484375,,26443700,76052300
2025-02-25,,,396.51898193359375,302.79998779296875,,400.5250489764073,328.8900146484375,,395.32316508227535,297.25,,399.7078876937612,327.0199890136719,,29387400,134228800
2025-02-26,,,398.3426513671875,290.79998779296875,,402.1992147309307,309.0,,392.8816600835235,288.0400085449219,,396.6286198264506,303.7099914550781,,19619000,100118300
2025-02-27,,,391.16766357421875,281.95001220703125,,404.33180773998396,297.2300109863281,,390.8089276067015,280.8800048828125,,399.8773203400045,291.1600036621094,,21127400,101748200
2025-02-28,,,395.6121520996094,292.9800109863281,,396.24994544118493,293.8800048828125,,385.2283339547379,273.6000061035156,,391.29719366600983,279.5,,32845700,115697000
2025-03-03,,,387.14166259765625,284.6499938964844,,397.4358274187669,303.94000244140625,,384.8197626823639,277.29998779296875,,397.4358274187669,300.3399963378906,,23007700,115551400
2025-03-04,,,387.26123046875,272.0400085449219,,391.21745294280987,284.3500061035156,,379.67765721488945,261.8399963378906,,382.06932141422595,270.92999267578125,,29342900,126706600
2025-03-05,,,399.628173828125,279.1000061035156,,400.27594221038044,279.54998779296875,,387.4605594414927,267.7099914550781,,387.9887187604894,272.9200134277344,,23433100,94042900
2025-03-06,,,395.5125427246094,263.45001220703125,,400.7542663515353,272.6499938964844,,391.3171323240562,260.0199890136719,,392.91158534383527,272.05999755859375,,23304600,98451600
2025-03-07,,,391.9449462890625,262.6700134277344,,393.42976525122566,266.25,,384.20192438386283,250.72999572753906,,390.9583919892802,259.32000732421875,,22034100,102369600
2025-03-10,,,378.8406066894531,222.14999389648438,,385.0589401894391,253.3699951171875,,375.9108079261914,220.0,,384.50088617849997,252.5399932861328,,32840100,189076900
2025-03-11,,,379.12957763671875,230.5800018310547,,384.6603029891263,237.05999755859375,,375.60185546191633,217.02000427246094,,377.6845980126396,225.30999755859375,,30380200,174896400
2025-03-12,,,381.9397888183594,248.08999633789062,,383.883033194115,251.83999633789062,,377.634805186652,241.10000610351562,,381.62092254273574,247.22000122070312,,24253600,142215700
2025-03-13,,,377.45538330078125,240.67999267578125,,383.9826683121219,248.2899932861328,,376.139987768004,232.60000610351562,,381.8301614244045,248.1300048828125,,20473000,114813500
2025-03-14,,,387.21142578125,249.97999572753906,,388.87564310802037,251.5800018310547,,378.19284770158055,240.72999572753906,,378.46189966674945,247.30999755859375,,19952800,100242300
2025-03-17,,,387.3509521484375,238.00999450683594,,391.3470139725856,245.39999389648438,,384.23181056492524,232.8000030517578,,385.35789354291256,245.05999755859375,,22474300,111900600
2025-03-18,,,382.18890380859375,225.30999755859375,,386.02554767204197,230.10000610351562,,379.77731994813644,222.27999877929688,,385.7266010485673,228.16000366210938,,19486900,111477600
2025-03-19,,,386.4740295410156,235.86000061035156,,388.32755958105986,241.41000366210938,,382.66728002942375,229.1999969482422,,384.1919687568245,231.61000061035156,,19185500,111993800
2025-03-20,,,385.49737548828125,236.25999450683594,,390.4302074924951,238.0,,381.9497337537801,230.0500030517578,,384.4011872193827,233.35000610351562,,18470500,99028300
2025-03-21,,,389.9020690917969,248.7100067138672,,390.38038369901005,249.52000427246094,,381.47140919973003,234.5500030517578,,381.8899648927027,234.99000549316406,,39675900,132728700
2025-03-24,,,391.7157287597656,278.3900146484375,,394.02768406346627,278.6400146484375,,388.45708885622673,256.3299865722656,,394.02768406346627,258.0799865722656,,21004500,169079900
2025-03-25,,,393.7885437011719,288.1400146484375,,394.98436068056907,288.20001220703125,,391.2773006739415,271.2799987792969,,392.552857032296,283.6000061035156,,15775000,150361500
2025-03-26,,,388.6165466308594,272.05999755859375,,393.93800963918454,284.8999938964844,,387.2214116418782,266.510009765625,,393.6290879777552,282.6600036621094,,16108400,153629800
2025-03-27,,,389.2243957519531,273.1300048828125,,390.87863801869304,291.8500061035156,,386.05543991632794,271.82000732421875,,388.7759758195498,272.4800109863281,,13766800,162572100
2025-03-28,,,377.48529052734375,263.54998779296875,,387.77945533191945,276.1000061035156,,375.6217855831935,260.57000732421875,,386.7330813092454,275.5799865722656,,21632000,123809400
2025-03-31,,,374.087158203125,259.1600036621094,,375.761320171641,260.55999755859375,,365.96541986866765,243.36000061035156,,371.2470435423123,249.30999755859375,,35184700,134008900
2025-04-01,,,380.8635559082031,268.4599914550781,,381.52126893067276,277.45001220703125,,371.93466141936483,259.25,,373.34971607028785,263.79998779296875,,19689500,146486900
2025-04-02,,,380.813720703125,282.760009765625,,383.74348886180815,284.989990234375,,375.3128595122782,251.27000427246094,,376.6581801475031,254.60000610351562,,16092600,212787800
2025-04-03,,,371.8150329589844,267.2799987792969,,376.16989155085776,276.29998779296875,,368.06810346654436,261.510009765625,,373.4892252977989,265.2900085449219,,30198000,136174300
2025-04-04,,,358.59112548828125,239.42999267578125,,373.2899337218873,261.0,,358.2323895120423,236.0,,362.86624500843976,255.3800048828125,,49209900,181229400
2025-04-07,,,356.61798095703125,233.2899932861328,,369.7123913004176,252.0,,343.5933653790687,214.25,,349.66222551139305,223.77999877929688,,50425000,183453800
2025-04-08,,,353.3294372558594,221.86000061035156,,372.35317854006513,250.44000244140625,,349.0343982710952,217.8000030517578,,366.98190125867967,245.0,,35868900,171603500
2025-04-09,,,389.13470458984375,272.20001220703125,,391.865215467322,274.69000244140625,,351.8744910293168,223.8800048828125,,352.3129663406882,224.69000244140625,,50199700,219433400
2025-04-10,,,380.0264587402344,252.39999389648438,,382.56759631800514,262.489990234375,,366.5234683324548,239.3300018310547,,380.7339860356081,260.0,,38024400,181722600
2025-04-11,,,387.1018371582031,252.30999755859375,,388.6962597846969,257.739990234375,,377.57501903009035,241.36000061035156,,379.31894538802237,251.83999633789062,,23839200,128948100
2025-04-14,,,386.4640197753906,252.35000610351562,,393.28027643878613,261.79998779296875,,382.8765082652718,245.92999267578125,,391.8552468593249,258.3599853515625,,19251200,100135200
2025-04-15,,,384.3912658691406,254.11000061035156,,390.5298901348079,258.75,,382.82670753665025,247.5399932861328,,387.16161616456134,249.91000366210938,,17199900,79594300
2025-04-16,,,370.32025146484375,241.5500030517578,,380.2855448116978,251.97000122070312,,366.72279516422714,233.88999938964844,,379.34883521582236,247.61000061035156,,21967800,112378700
2025-04-17,,,366.5035400390625,241.3699951171875,,373.02085009277744,244.33999633789062,,365.61664478749583,237.67999267578125,,372.45282110026085,243.47000122070312,,21120200,83404800
2025-04-21,,,357.87359619140625,227.5,,363.21500903617533,232.2100067138672,,354.43558836453434,222.7899932861328,,361.5607667541322,230.25999450683594,,20807300,97768000
2025-04-22,,,365.5469055175781,237.97000122070312,,366.4935901583944,242.7899932861328,,358.611039306251,229.85000610351562,,362.1188421014038,230.9600067138672,,19485000,120858500
2025-04-23,,,373.0906066894531,250.74000549316406,,379.06978228856406,259.45001220703125,,371.7253360485286,244.42999267578125,,374.75479353400954,254.86000061035156,,20545500,150381900
2025-04-24,,,385.9557800292969,259.510009765625,,387.10181303671203,259.5400085449219,,373.8878249819962,249.1999969482422,,374.3960646492269,250.5,,22232300,94464200
2025-04-25,,,390.4900207519531,284.95001220703125,,390.79894240871675,286.8500061035156,,383.2651831703409,259.6300048828125,,385.65684745985266,261.69000244140625,,18973200,167560700
2025-04-28,,,389.8023986816406,285.8800048828125,,391.3769015704532,294.8599853515625,,385.2980972626593,272.4200134277344,,390.59960994479576,288.9800109863281,,16579400,151731800
2025-04-29,,,392.67242431640625,292.0299987792969,,393.7287429695286,293.32000732421875,,389.02512333213684,279.4700012207031,,389.9419132819562,285.5,,14974000,108906600
2025-04-30,,,393.88818359375,282.1600036621094,,395.2833185411371,284.45001220703125,,383.10572919383554,270.7799987792969,,388.94537633492024,279.8999938964844,,36461100,128961100
2025-05-01,,,423.9235534667969,280.5199890136719,,435.47332427713997,290.8699951171875,,423.4252888222868,279.80999755859375,,429.6137271918364,280.010009765625,,58938100,99659000
2025-05-02,,,433.769287109375,287.2099914550781,,437.91485278651635,294.7799987792969,,428.49763841940904,279.80999755859375,,430.2415647531947,284.8999938964844,,30757400,114454700
2025-05-05,,,434.65618896484375,280.260009765625,,437.97461808249534,284.8500061035156,,430.6102521137275,274.3999938964844,,431.367624097433,284.57000732421875,,20136100,94618900
2025-05-06,,,431.8061218261719,275.3500061035156,,436.2107948487266,277.7300109863281,,429.6735648726689,271.3500061035156,,430.6999888667604,273.1099853515625,,15104200,76715800
2025-05-07,,,431.8459777832031,276.2200012207031,,436.5994115910065,277.9200134277344,,429.6137314736212,271.0,,432.3342674079582,276.8800048828125,,23295300,71592600
2025-05-08,,,436.6492614746094,284.82000732421875,,442.1301726837614,289.79998779296875,,434.147963172883,279.4100036621094,,436.41007376009867,279.6300048828125,,23491300,97539400
2025-05-09,,,437.20733642578125,298.260009765625,,439.2103397565405,307.0400085449219,,434.3672216715751,290.0,,438.47291776294395,290.2099914550781,,15324200,132387800
2025-05-12,,,447.70074462890625,318.3800048828125,,447.8103482497994,322.2099914550781,,438.2536363054134,311.5,,444.3922601902366,321.989990234375,,22821900,112826700
2025-05-13,,,447.5812072753906,334.07000732421875,,449.1058959658508,337.5899963378906,,443.8142971336702,316.79998779296875,,446.22591154405814,320.0,,23618800,136992600
2025-05-14,,,451.36798095703125,347.67999267578125,,452.32464056421765,350.0,,446.5846525094385,337.0,,446.5846525094385,342.5,,19902800,136997300
2025-05-15,,,452.3863220214844,342.82000732421875,,455.44129747226026,346.1400146484375,,449.6907411096269,334.7200012207031,,450.0301794411029,340.3399963378906,,21992300,97882600
2025-05-16,,,453.5244445800781,349.9800109863281,,453.6142932166669,351.6199951171875,,447.99355872232604,342.3299865722656,,451.30808680840903,346.239990234375,,23849800,95895700
2025-05-19,,,458.11688232421875,342.0899963378906,,458.83570185482216,343.0,,450.0601197660991,333.3699951171875,,450.14000552921704,336.29998779296875,,21336500,88869900
2025-05-20,,,457.4180603027344,343.82000732421875,,457.58776423526933,354.989990234375,,453.57437286704067,341.6300048828125,,454.8422775622727,347.8699951171875,,15441800,131715500
2025-05-21,,,451.8272399902344,334.6199951171875,,457.02868069868646,347.3500061035156,,451.06847756848606,332.20001220703125,,453.8239575485261,344.42999267578125,,19216900,102354800
2025-05-22,,,454.11346435546875,341.0400085449219,,459.49463285512667,347.2699890136719,,453.1550484484722,331.3900146484375,,454.2033434579146,331.8999938964844,,18025600,97113400
2025-05-23,,,449.441162109375,339.3399963378906,,452.94541128469075,343.17999267578125,,448.17325738802526,333.2099914550781,,449.24150862772166,337.9200134277344,,16883500,84654800
2025-05-27,,,459.93389892578125,362.8900146484375,,460.19348195260824,363.7900085449219,,455.3713920868909,347.32000732421875,,455.7308170830738,347.3500061035156,,20974300,120146400
2025-05-28,,,456.609375,356.8999938964844,,461.7609101640183,365.0,,456.1800880198718,355.9100036621094,,460.4630558858422,364.8399963378906,,17086300,91404300
2025-05-29,,,457.9272155761719,358.42999267578125,,460.9622349154345,367.7099914550781,,454.56275123248776,356.0,,460.79250051058557,365.2900085449219,,13974800,88087800
2025-05-30,,,459.60443115234375,346.4599914550781,,460.9222720478794,363.67999267578125,,454.79236501090486,345.2900085449219,,458.96549737927586,355.5199890136719,,34770500,123474900
2025-06-02,,,461.2118225097656,342.69000244140625,,461.35157690062545,348.0199890136719,,456.1401731404802,333.3299865722656,,456.3897628439735,343.5,,16626500,81873800
2025-06-03,,,462.2101745605469,344.2699890136719,,463.3782677615003,355.3999938964844,,460.1036216507913,343.0400085449219,,460.7126363614999,346.6000061035156,,15743800,99324500
2025-06-04,,,463.1086730957031,332.04998779296875,,464.9256933509807,345.6000061035156,,462.2600620562611,327.3299865722656,,463.2384646092932,345.1000061035156,,14162700,98912100
2025-06-05,,,466.91241455078125,284.70001220703125,,468.8791825139859,324.54998779296875,,463.26841119380083,273.2099914550781,,464.1968775224098,322.489990234375,,20131700,287499800
2025-06-06,,,469.6080017089844,295.1400146484375,,472.56313512848675,305.5,,468.0106215882427,291.1400146484375,,469.31846913564885,298.8299865722656,,15285600,164747700
2025-06-09,,,471.97412109375,308.5799865722656,,472.6529977632414,309.8299865722656,,467.8508943889836,281.8500061035156,,468.92913895110996,285.9599914550781,,16469900,140908900
2025-06-10,,,470.1471252441406,326.0899963378906,,472.02401413852874,327.8299865722656,,466.19360257943936,310.6700134277344,,470.4166711436691,314.94000244140625,,15375900,151256500
2025-06-11,,,471.8443298339844,326.42999267578125,,474.68965849935887,335.5,,468.88919632531986,322.5,,469.24859086789724,334.3999938964844,,16399200,122611400
2025-06-12,,,478.0840759277344,319.1099853515625,,479.6315503555016,332.55999755859375,,472.7428502291372,316.8599853515625,,474.2403884361742,323.0799865722656,,18950600,105127500
2025-06-13,,,474.18048095703125,325.30999755859375,,478.3935562569989,332.989990234375,,471.98410990605987,313.29998779296875,,475.62811338522215,313.9700012207031,,16814500,128964300
2025-06-16,,,478.3536376953125,329.1300048828125,,479.90108160832807,332.04998779296875,,474.2204177457221,326.4100036621094,,474.4300645574067,331.2900085449219,,15626100,83925900
2025-06-17,,,477.25543212890625,316.3500061035156,,477.9542649832925,327.260009765625,,473.30190948641297,314.739990234375,,474.6197503672441,326.0899963378906,,15414100,88282700
2025-06-18,,,479.4518127441406,322.04998779296875,,480.2105751696819,329.32000732421875,,473.68130019053103,315.45001220703125,,477.21549881727225,317.30999755859375,,17526500,95137700
2025-06-20,,,476.6164855957031,322.1600036621094,,482.666537493529,332.3599853515625,,476.0873566497709,317.7799987792969,,481.4385756672578,327.95001220703125,,37576200,108688000
2025-06-23,,,485.2023620605469,348.67999267578125,,486.94948990747275,357.5400085449219,,471.7345120072702,327.4800109863281,,477.425138713905,327.5400085449219,,24864000,190716800
2025-06-24,,,489.30560302734375,340.4700012207031,,491.0427680081874,356.260009765625,,486.0010379300524,340.44000244140625,,488.1475336634371,356.1700134277344,,22305600,114736200
2025-06-25,,,491.4620666503906,327.54998779296875,,493.7483167920849,343.0,,488.58681895090325,320.3999938964844,,491.2324636297239,342.70001220703125,,17495100,119845100
2025-06-26,,,496.6335754394531,325.7799987792969,,497.2226034494893,331.04998779296875,,492.0011761864687,323.6099853515625,,492.1709105807123,324.6099853515625,,21578900,80440900
2025-06-27,,,495.1260681152344,323.6300048828125,,498.4805390751374,329.3399963378906,,492.22084033701867,317.5,,496.73341116664807,324.510009765625,,34539200,89067000
2025-06-30,,,496.5936584472656,317.6600036621094,,499.9381665482639,325.5799865722656,,494.51705506439515,316.6000061035156,,496.22427056302723,319.8999938964844,,28369000,76695100
2025-07-01,,,491.242431640625,300.7099914550781,,497.2325843953567,305.8900146484375,,490.1742108879921,293.2099914550781,,495.655190908974,298.4599914550781,,19945400,145085700
2025-07-02,,,490.2840270996094,315.6499938964844,,492.69007550131784,316.8299865722656,,487.8979653734086,303.82000732421875,,489.1858263089447,312.6300048828125,,16319600,119483700
2025-07-03,,,498.02130126953125,315.3500061035156,,499.3091926553608,318.45001220703125,,492.6301698307581,312.760009765625,,492.99955771280014,317.989990234375,,13984800,58042300
2025-07-07,,,496.90313720703125,293.94000244140625,,497.9314455400232,296.1499938964844,,494.41723357438383,288.7699890136719,,496.56369887519327,291.3699951171875,,13981600,131177900
2025-07-08,,,495.804931640625,297.80999755859375,,497.3823555722493,304.04998779296875,,493.2990413573122,294.3500061035156,,496.42390920841734,297.0,,11846600,103246700
2025-07-09,,,502.68365478515625,295.8800048828125,,505.94827712953634,300.1499938964844,,498.919822567675,293.54998779296875,,499.47890106455674,297.54998779296875,,18659500,75586800
2025-07-10,,,500.656982421875,309.8699951171875,,503.6121159415126,310.4800109863281,,496.93309312638246,300.0,,502.22438258392543,300.04998779296875,,16492100,104365300
2025-07-11,,,502.49395751953125,313.510009765625,,504.20114253320645,314.0899963378906,,496.9829974553982,305.6499938964844,,497.6519112557523,307.8900146484375,,16459500,79236400
2025-07-14,,,502.1944274902344,316.8999938964844,,503.14288052756655,322.6000061035156,,500.20770324807717,312.6700134277344,,500.6968893054946,317.7300109863281,,12058800,78043400
2025-07-15,,,504.9898376464844,310.7799987792969,,507.465747883617,321.20001220703125,,501.9648118083004,310.5,,502.19441482497484,319.67999267578125,,14927200,77556300
2025-07-16,,,504.7901611328125,321.6700134277344,,505.88836188358,323.5,,501.06630238508603,312.6199951171875,,504.35088083250554,312.79998779296875,,15154400,97284800
2025-07-17,,,510.8601989746094,319.4100036621094,,512.5274410723513,324.3399963378906,,504.7901605415637,317.05999755859375,,504.85005963085433,323.1499938964844,,17503100,73922900
2025-07-18,,,509.212890625,329.6499938964844,,513.7953843002441,330.8999938964844,,506.59719545986655,321.4200134277344,,513.6356127696338,321.6600036621094,,21209700,94255000
2025-07-21,,,509.2228698730469,328.489990234375,,511.24956741731427,338.0,,504.7202620876888,326.8800048828125,,505.8783619126309,334.3999938964844,,14066800,75768800
2025-07-22,,,504.44073486328125,332.1099853515625,,510.3610256433726,335.4100036621094,,504.44073486328125,321.54998779296875,,510.13139215337156,329.739990234375,,13868600,77370400
2025-07-23,,,505.0397644042969,332.55999755859375,,505.95826791167354,336.20001220703125,,499.87826643817476,328.6700134277344,,505.9183250285286,330.8999938964844,,16396600,92553800
2025-07-24,,,510.0415344238281,305.29998779296875,,512.826933461713,310.1499938964844,,506.4673929575042,300.4100036621094,,507.93498157135946,310.0,,16107000,156966000
2025-07-25,,,512.866943359375,316.05999755859375,,517.4393829887753,323.6300048828125,,509.52240467312413,308.010009765625,,511.6289272082179,308.739990234375,,19125700,148227000
2025-07-28,,,511.65887451171875,325.5899963378906,,514.1547714605564,330.489990234375,,509.2827757416266,315.69000244140625,,513.2362984451797,318.45001220703125,,14308000,112673800
2025-07-29,,,511.728759765625,321.20001220703125,,516.7704593446111,326.25,,510.7204076628311,318.25,,514.6839236482208,325.54998779296875,,16469200,87358900
2025-07-30,,,512.3976440429688,319.0400085449219,,515.1032182392812,324.45001220703125,,508.6038929137552,311.6199951171875,,514.3244691518986,322.17999267578125,,26380400,83931900
2025-07-31,,,532.6243896484375,308.2699890136719,,554.5383762548963,321.3699951171875,,531.0270400328567,306.1000061035156,,554.3187056451394,319.6099853515625,,51617300,85270900
2025-08-01,,,523.2498168945312,302.6300048828125,,534.9206337229102,309.30999755859375,,520.0051507892547,297.82000732421875,,534.1219588686084,306.2099914550781,,28977600,89121400
2025-08-04,,,534.7609252929688,309.260009765625,,537.3666271513684,312.1199951171875,,527.2632409127965,303.0,,527.4030257699867,309.0799865722656,,25349000,78683900
2025-08-05,,,526.8838500976562,308.7200012207031,,536.4181643311854,312.45001220703125,,526.374677366439,305.5,,536.2983661514853,308.95001220703125,,19171600,57961300
2025-08-06,,,524.0784912109375,319.9100036621094,,530.8274067099719,320.4700012207031,,523.1700114791388,306.92999267578125,,530.0287318260303,307.8900146484375,,21355700,78523600
2025-08-07,,,519.9852294921875,322.2699890136719,,527.2233308658066,322.3999938964844,,516.7005900083886,316.1600036621094,,525.9354090023164,319.7900085449219,,16079100,66658700
2025-08-08,,,521.1832275390625,329.6499938964844,,523.7989228282858,335.1499938964844,,518.5575389118288,320.9800109863281,,521.7423060527517,321.42999267578125,,15531000,91200300
2025-08-11,,,520.9136962890625,339.0299987792969,,526.7241518809952,346.6400146484375,,518.8670119786243,334.1499938964844,,521.4427947726738,335.0,,20194400,105320200
2025-08-12,,,528.3713989257812,340.8399963378906,,530.1085334795151,345.260009765625,,521.8421543429575,332.94000244140625,,522.8904188907295,345.0,,18667000,80522100
2025-08-13,,,519.7256469726562,339.3800048828125,,531.825750889051,348.9800109863281,,518.5176108745642,338.20001220703125,,531.236692379076,341.5,,19619200,67838900
2025-08-14,,,521.6224975585938,335.5799865722656,,525.0868343553949,340.4700012207031,,519.2863720398742,330.3999938964844,,521.7023833261101,335.760009765625,,20269100,75000700
2025-08-15,,,519.3162841796875,330.55999755859375,,525.2365445998882,339.29998779296875,,518.2281072023833,327.0199890136719,,521.9120536418995,337.6600036621094,,25213300,74319800
2025-08-18,,,516.2512817382812,335.1600036621094,,521.9619254356152,336.2699890136719,,513.176380682391,329.5899963378906,,520.7339636806648,329.6199951171875,,23760600,56956600
2025-08-19,,,508.933349609375,329.30999755859375,,514.314487646487,340.54998779296875,,507.7153506663982,327.8500061035156,,514.1547770514178,335.7900085449219,,21481000,75956000
2025-08-20,,,504.8900146484375,323.8999938964844,,510.161347905157,331.3699951171875,,503.6121166003689,314.6000061035156,,509.0331975839143,329.2200012207031,,27723000,77481800
2025-08-21,,,504.239990234375,320.1099853515625,,507.6300048828125,324.8999938964844,,502.7200012207031,318.67999267578125,,503.69000244140625,322.0799865722656,,18443300,55744400
2025-08-22,,,507.2300109863281,340.010009765625,,510.7300109863281,340.25,,502.4100036621094,319.69000244140625,,504.25,321.6600036621094,,24324200,94016300
2025-08-25,,,504.260009765625,346.6000061035156,,508.19000244140625,349.5299987792969,,504.1199951171875,335.0299987792969,,506.6300048828125,338.8999938964844,,21638600,86670000
2025-08-26,,,502.0400085449219,351.6700134277344,,504.9800109863281,351.8999938964844,,498.510009765625,343.7200012207031,,504.3599853515625,344.92999267578125,,30835700,76651600
2025-08-27,,,506.739990234375,349.6000061035156,,507.2900085449219,355.3900146484375,,499.8999938964844,349.1600036621094,,502.0,351.94000244140625,,17277900,65519000
2025-08-28,,,509.6400146484375,345.9800109863281,,511.0899963378906,353.54998779296875,,505.5,340.260009765625,,507.0899963378906,350.9100036621094,,18015600,67903200
2025-08-29,,,506.69000244140625,333.8699951171875,,509.6000061035156,348.75,,504.489990234375,331.70001220703125,,508.6600036621094,347.2300109863281,,20961600,81145700
2025-09-02,,,505.1199951171875,329.3599853515625,,506.0,333.3299865722656,,496.80999755859375,325.6000061035156,,500.4700012207031,328.2300109863281,,18128000,58392000
2025-09-03,,,505.3500061035156,334.0899963378906,,507.7900085449219,343.3299865722656,,502.32000732421875,328.510009765625,,503.7900085449219,335.20001220703125,,16345100,88733300
2025-09-04,,,507.9700012207031,338.5299987792969,,508.1499938964844,338.8900146484375,,503.1499938964844,331.4800109863281,,504.29998779296875,336.1499938964844,,15509500,60711000
2025-09-05,,,495.0,350.8399963378906,,511.9700012207031,355.8699951171875,,492.3699951171875,344.67999267578125,,509.07000732421875,348.0,,31994800,108989800
2025-09-08,,,498.20001220703125,346.3999938964844,,501.20001220703125,358.44000244140625,,495.0299987792969,344.8399963378906,,498.1099853515625,354.6400146484375,,16771000,75208300
2025-09-09,,,498.4100036621094,346.9700012207031,,502.25,350.7699890136719,,497.70001220703125,343.82000732421875,,501.42999267578125,348.44000244140625,,14410500,53816000
2025-09-10,,,500.3699951171875,347.7900085449219,,503.2300109863281,356.3299865722656,,496.7200012207031,346.07000732421875,,502.9800109863281,350.54998779296875,,21611800,72121700
2025-09-11,,,501.010009765625,368.80999755859375,,503.1700134277344,368.989990234375,,497.8800048828125,347.6000061035156,,502.25,350.1700134277344,,18881600,103756000
2025-09-12,,,509.8999938964844,395.94000244140625,,512.5499877929688,396.69000244140625,,503.8500061035156,370.239990234375,,506.6499938964844,370.94000244140625,,23624900,168156400
2025-09-15,,,515.3599853515625,410.0400085449219,,515.469970703125,425.70001220703125,,507.0,402.42999267578125,,508.7900085449219,423.1300048828125,,17143800,163823700
2025-09-16,,,509.0400085449219,421.6199951171875,,517.22998046875,423.25,,508.6000061035156,411.42999267578125,,516.8800048828125,414.5,,19711900,104285700
2025-09-17,,,510.0199890136719,425.8599853515625,,511.2900085449219,428.30999755859375,,505.92999267578125,409.6700134277344,,510.6199951171875,415.75,,15816600,106133500
2025-09-18,,,508.45001220703125,416.8500061035156,,513.0700073242188,432.2200012207031,,507.6600036621094,416.55999755859375,,511.489990234375,428.8699951171875,,18913700,90454500
2025-09-19,,,517.9299926757812,426.07000732421875,,519.2999877929688,429.4700012207031,,510.30999755859375,421.7200012207031,,510.55999755859375,421.82000732421875,,52474100,93131000
2025-09-22,,,514.4500122070312,434.2099914550781,,517.739990234375,444.9800109863281,,512.5399780273438,429.1300048828125,,515.5900268554688,431.1099853515625,,20009300,97108800
2025-09-23,,,509.2300109863281,425.8500061035156,,514.5900268554688,440.9700012207031,,507.30999755859375,423.7200012207031,,513.7999877929688,439.8800048828125,,19799600,83422700
2025-09-24,,,510.1499938964844,442.7900085449219,,512.47998046875,444.2099914550781,,506.9200134277344,429.0299987792969,,510.3800048828125,429.8299865722656,,13533700,93133600
2025-09-25,,,507.0299987792969,423.3900146484375,,510.010009765625,435.3500061035156,,505.0400085449219,419.0799865722656,,508.29998779296875,435.239990234375,,15786500,96746400
2025-09-26,,,511.4599914550781,440.3999938964844,,513.9400024414062,440.4700012207031,,506.6199951171875,421.0199890136719,,510.05999755859375,428.29998779296875,,16213100,101628200
2025-09-29,,,514.5999755859375,443.2099914550781,,516.8499755859375,450.9800109863281,,508.8800048828125,439.5,,511.5,444.3500061035156,,17617800,79491500
2025-09-30,,,517.9500122070312,444.7200012207031,,518.1599731445312,445.0,,509.6600036621094,433.1199951171875,,513.239990234375,441.5199890136719,,19712400,74046900
